source_id,title,publisher,published_date,accessed_date,url,claim_supported,evidence_type,confidence,supporting_excerpt,limitations,notes
L01,"Lotus Health nabs $35M for AI doctor that sees patients for free",TechCrunch,2026-02-03,2026-07-07,https://techcrunch.com/2026/02/03/lotus-health-nabs-35m-for-ai-doctor-that-sees-patients-for-free/,"Founding story; $35M Series A led by CRV/Kleiner Perkins; free 24/7 50-language care; CEO quote on monetization being undecided",verified_fact,high,"Dhaliwal said that eventual business models may include sponsored content or subscriptions, but the current focus remains entirely on product development and attracting patients rather than revenue.","Single reporter; no independent financial verification of round size beyond company disclosure","First-person CEO quote is the clearest public statement that monetization was undecided at raise time"
L02,"The Robinhood of Primary Care? Lotus Health AI Raises $35M to Make Doctor Visits Free",HIT Consultant,2026-02-05,2026-07-07,https://hitconsultant.net/2026/02/05/lotus-health-ai-raises-35m-free-primary-care/,"Premium sponsorships as monetization model; comparison to ad-supported consumer platforms",company_claim,medium,"monetized instead through 'premium sponsorships' inside the app-a model designed to align incentives toward health rather than billing codes","Reporter's framing and comparison to Google/Instagram is editorial interpretation, not a company statement","Explicitly flags critic concerns re: data privacy and commercial influence"
L03,"Lotus Health AI Raises $35M Series A to Offer Free, Insurance-Free Doctor Visits",HLTH,2026-02-05,2026-07-07,https://hlth.com/insights/news/lotus-health-ai-raises-35m-series-a-to-offer-free-insurance-free-doctor-visits-2026-02-05,"Premium sponsorships language; stated intent to realign incentives toward preventive care",company_claim,medium,"the company monetizes through 'premium sponsorships' embedded within the app, a strategy it says is intended to realign incentives away from procedure volume and toward preventive and continuous care","Appears to be derived from same press release as other outlets; not independently verified","Notes sponsorship model as 'a key point of debate' re: privacy and influence"
L04,"AI Primary Care Shifts to Free Model as Lotus Health Raises $35M Across 50-State Licensing",The Meridiem,2026-02-03,2026-07-07,https://themeridiem.com/ai-machine-learning/2026/2/3/ai-primary-care-shifts-to-free-model-as-lotus-health-raises-35m-across-50-state-licensing,"Skeptical analysis of unproven unit economics; venture-subsidized acquisition strategy framing",expert_opinion,medium,"Business model remains venture arbitrage, not sustainable economics... Eventual models include 'sponsored content or subscriptions'-translation: To be determined.","Opinion/analysis piece, not a primary source; author's own interpretive framing throughout","Useful skeptical counterpoint; explicitly says unit economics are unvalidated"
L05,"Lotus Health AI: Making healthcare free",Unicorner (read.unicorner.news),2026-02-16,2026-07-07,https://read.unicorner.news/p/lotus-health-ai,"Founder background (Dil Mil, Union Metrics); product mechanics summary",company_claim,medium,"Lotus's business model is perhaps its most ambitious feature. The company is pursuing a model where it can keep its product free for patients, which may include sponsored content or subscriptions.","Newsletter/blog analysis, secondary source summarizing other coverage","Corroborates founder bio details found elsewhere"
L06,"Lotus AI - Your AI Doctor, Powered by Real Physicians (homepage)",Lotus Health AI (company site),2026-07-07,2026-07-07,https://lotus.ai/,"Product description, data types connected, wearables supported, backing/credibility claims",company_claim,high,"Backed by Kleiner Perkins, LEAD.VC (Adidas Family Office), and other world-class funds-plus founders & executives from Oura, Clover Health, Everly Health, Commure, and Forward.","Primary company source but inherently self-promotional; no independent verification of all backer claims","Site includes LLM-oriented structured facts page; makes no mention of ads/sponsors in FAQ"
L07,"What kinds of data does Lotus Health AI collect and use?",Lotus Health Support (Intercom help center),2025-06-21,2026-07-07,https://help.lotus.ai/en/articles/11636649-what-kinds-of-data-does-lotus-health-ai-collect-and-use,"Data types integrated: EHRs, wearables, fitness apps, genetic tests, insurance claims",company_claim,high,"Lotus integrates data from Electronic Health Records (EHRs), wearable devices (like smartwatches and fitness trackers), fitness apps, genetic tests, nutrition apps, and insurance claims","Help-center article; no sponsorship/advertising content mentioned",N/A
L08,"Lotus Health AI App - App Store (main listing)",Apple App Store,2026-06-15,2026-07-07,https://apps.apple.com/us/app/lotus-health-ai/id6736791154,"Live product description; App Privacy disclosure; rating 4.4/160-180; no mention of ads/sponsors in description","verified_fact","high","Your data is never sold to third parties... Ratings & Reviews 4.4 out of 5, 160 Ratings","App Store snapshot at time of access; rating count varies by locale/page load (160 vs 180 seen)","App Privacy label shows Health & Fitness, Contact Info, Identifiers, Diagnostics as linked data; Usage Data as not-linked"
L09,"Lotus Just Raised $41M",Healthcare IT Today,2026-02-23,2026-07-07,https://www.healthcareittoday.com/2026/02/23/lotus-just-raised-41m/,"Official press-release-derived investor list; stated use of funds; premium sponsorships as revenue mechanism",company_claim,high,"Lotus is designed to break that cycle by earning revenue through premium sponsorships inside the app, rather than billing patients when they get sick... provide Lotus with the additional infrastructure required to serve millions while continuing to build out a world-class clinical team and the runway to keep care free as the company scales","Reproduces company press release closely; investor list partially garbled in retrieval (OCR/formatting artifacts)","Most complete public statement of use-of-funds found"
L10,"Lotus (LinkedIn company profile via Exa)",LinkedIn / Exa aggregation,2026-05-22,2026-07-07,https://linkedin.com/company/lotushealthai,"Employee headcount estimate (5 employees, +375% YoY); department breakdown",estimate,low,"Lotus employs 5 people (+375.0% YoY) and has an annual revenue of $20.7M, founded in 2024","Third-party aggregator data of uncertain methodology; revenue figure ($20.7M) is an automated estimate, not corroborated anywhere else and treated as unreliable; conflicts with L11","Two LinkedIn-derived snapshots (L10 vs L11) are internally inconsistent (5 vs 70 employees) — flag as unresolved"
L11,"Lotus AI (Lotus Health AI, Inc.) (LinkedIn company profile via Exa)",LinkedIn / Exa aggregation,2026-05-21,2026-07-07,https://linkedin.com/company/lotus,"Employee headcount estimate (70 employees); department/seniority breakdown; executive list",estimate,low,"Lotus AI employs 70 people (+7.4% YoY, +64 people)... Employees: 70... By Department: General Management: 14 (74%)... Sales: 3 (16%)","Third-party aggregator; executive list includes clearly unrelated/mismatched names (e.g., a French 'Directeur', a Brazilian 'Sócia Propietaria'), suggesting data quality/entity-matching problems; conflicts with L10","Sales department shown as only 3 of 70 in this snapshot, consistent with hiring-pattern finding in Section 5"
L12,"Lotus Just Raised $41M",FirstWord HealthTech,2026-02-04,2026-07-07,https://firstwordhealthtech.com/story/7091555,"Premium sponsorships as revenue model, repeated across outlets",company_claim,medium,"Lotus is designed to break that cycle by earning revenue through premium sponsorships inside the app, rather than billing patients when they get sick.","Appears to closely track the same press release as L02/L03/L09","Corroborates consistency of company talking point across trade press"
L13,"Lotus Health AI Raises $41 Million to Build AI-Powered Model for Primary Care",PYMNTS,2026-02-04,2026-07-07,https://www.pymnts.com/news/artificial-intelligence/2026/lotus-health-ai-raises-41-million-to-build-ai-powered-model-for-primary-care/,"Premium sponsorships as revenue model; funding use for infrastructure/clinical team/runway",company_claim,medium,"Lotus Health AI earns revenue not by billing patients but by offering premium sponsorships inside its app, according to the release. Patients need no insurance, per the release.","Explicitly attributes claims to 'the release' (press release), i.e. company-sourced, not independently verified",N/A
L14,"Lotus Health AI Raises $35M to Make Doctor Visits Free (duplicate ref check)",HIT Consultant,2026-02-05,2026-07-07,https://hitconsultant.net/2026/02/05/lotus-health-ai-raises-35m-free-primary-care/,"Cross-reference for premium sponsorships phrase consistency across outlets",company_claim,medium,"Instead, it earns revenue through 'premium sponsorships' inside the app.","Same article as L02; listed separately to support cross-outlet phrase-consistency claim in Section 2","N/A"
L15,"Lotus Health AI raises $41M to deliver free AI-powered primary care direct to consumers",TBPN Digest,2026-02-04,2026-07-07,https://www.tbpndigest.com/story/2026-02-04/lotus-health-ai-raises-41m-to-deliver-free-ai-powered-primary-care-direct-to-consumers,"Alternative monetization claim: ad-supported free tier plus employer partnerships at $50/employee/month",estimate,low,"The revenue model starts with a free tier that includes optional ads and premium subscriptions that remove ads. The bigger opportunity, Dhaliwal says, is employer partnerships. Large self-insured companies are already asking to pay $50 per employee per month...","This is the outlet's paraphrase/summary of an interview, not a verified direct quote; not corroborated by any other source; inconsistent with 'premium sponsorships' framing used elsewhere","Single-source claim; treat as unverified until corroborated"
L16,"Privacy Policy | Lotus Health AI",Lotus Health AI (company site),2026-02-02,2026-07-07,https://lotus.ai/privacy-policy,"Advertising/marketing data use, ad-network business partners, interest-based advertising, DAA opt-out, sponsor-adjacent external-links clause",verified_fact,high,"such as when we share information to comply with law... Business partners that may use Personal Data for their own purposes, such as: Advertisers, ad platforms and networks, and social media platforms... Partners who work with us on promotional opportunities, including co-branded products and services","Primary document directly fetched; effective date Jan 1 2025, last updated Feb 2 2026 per page metadata","Only explicit use of the word 'sponsor' found is in the External Links clause referencing 'third party advertisements or sponsor information'"
L17,"Notice of Privacy Practices | Lotus Health AI",Lotus Health AI (company site),2026-01-01,2026-07-07,https://lotus.ai/notice-of-privacy-practices,"Separate HIPAA PHI notice; no advertising/marketing language present in retrieved excerpt; distinct corporate entities named",verified_fact,high,"This Notice of Privacy Practices... applies to the medical records and other protected health information that we maintain about you... Lotus Health Medical Inc. and Lotus Health Medical, P.C.","Only partial document retrieved (truncated); cannot confirm absence of any advertising clause in full document text","Names different corporate entities (Lotus Health Medical Inc./P.C.) than the general Privacy Policy (Lotus Health AI, Inc.) - structural separation not explained in source"
L18,"Lotus Health AI - Ratings & Reviews - App Store (regional/reviews page)",Apple App Store,2025-05-15,2026-07-07,https://apps.apple.com/us/app/lotus-health-ai/id6736791154?see-all=reviews,"Rating trend snapshot and review text themes",verified_fact,medium,"4.4 out of 5, 180 Ratings","Point-in-time snapshot; App Store rating counts vary by locale and caching","Review text used for Section 4 sentiment theme analysis"
L19,"Lotus Health AI - Medical App",MWM (app intelligence aggregator),2025-05-14,2026-07-07,https://mwm.ai/apps/lotus-health-ai/6736791154,"Third-party download estimate (~25k+) and rating (4.3/5)",estimate,low,"Lotus Health AI by Lotus Health AI Inc.. Medical app, 4.3/5, 25k+ downloads.","Aggregator methodology undisclosed; download estimate not corroborated by any other source","Explicitly labeled as third-party estimate in lotus_notes.md; not to be treated as verified download count"
L20,"Lotus Health for iOS",AppRecs (app intelligence aggregator),2026-07-07,2026-07-07,https://apprecs.com/ios/6736791154/lotus-health,"Third-party rating aggregation showing 4.5/4.9 and 46 ratings at time of crawl",estimate,low,"4.9 star / 46 ratings... AppRecs Rating 4.5","Aggregator snapshot, unclear crawl date vs. publish date; internally shows two different rating figures (4.9 vs 4.5)","Used only as one data point in App Store rating-history table"
L21,"Lotus Health AI App Store listing (zh-Hans-CN locale)",Apple App Store,2026-03-17,2026-07-07,https://apps.apple.com/us/app/lotus-health-ai/id6736791154?l=zh-Hans-CN&platform=ipad,"Rating snapshot: 4.4/117 ratings, dated March 2026",verified_fact,medium,"4.4 满分5分 117 个评分","Locale-specific page; used only to triangulate rating-count growth trend over time","N/A"
L22,"Download Lotus Health AI App [Updated Apr 26]",WorldsApps (app intelligence aggregator),2026-04-26,2026-07-07,https://worldsapps.com/download-lotus-health-ai,"Version history and rating snapshot: 4.31/124 reviews as of v1.34 (Apr 14 2026)",estimate,low,"The last update, v1.34, released on April 14, 2026, and it's rated 4.31 out of 5 based on the latest 124 reviews.","Third-party aggregator; app version/update cadence not independently verified","Also reproduces several App Store review excerpts consistent with L08/L18 themes"
L23,"Lotus Health App Store listing (es-MX locale, additional reviews)",Apple App Store,2025-05-14,2026-07-07,https://apps.apple.com/us/app/lotus-health/id6736791154?l=es-MX,"Additional review text for sentiment theme analysis; 4.9/39 ratings snapshot",verified_fact,medium,"4.9 de 5, 39 calificaciones... Lotus made it really simple to understand my bloodwork, and other test results not always fully explained by my medical teams.","Earliest rating snapshot found (39 ratings); used as baseline for growth-trend table","N/A"
L24,"Lotus Health Ai Jobs, Employment",Indeed (job aggregator),2026-07-07,2026-07-07,https://www.indeed.com/q-lotus-health-ai-jobs.html,"Evidence of 'Director of Sales' posting title; Research Engineer full job description; Content Director posting",company_claim,medium,"Director of Sales... Lotus Health AI... San Francisco, CA","Only posting title/location captured for Director of Sales; full job description text not retrieved in this research pass","Flagged in lotus_notes.md as an open item requiring follow-up via company's own careers/Ashby page"
L25,"Growth Director - Lotus Health AI","BeBee (job aggregator, via TheirStack)",2026-07-07,2026-07-07,https://bebee.com/us/jobs/growth-director-lotus-health-ai-san-francisco-ca--theirstack-685122954,"Growth-oriented, generalist early-stage hiring; no mention of sponsorship/advertising in scope",company_claim,medium,"You'll work across growth, ops, and whatever the company needs... This is a ground-floor role at a company that's early and moving fast.","Aggregator-hosted repost of original listing; original posting page not directly verified","Supports Section 5 finding that growth hiring emphasizes acquisition, not monetization/sponsorship sales"
L26,"Head of AI-Driven SEO & Growth Engine Job in San Francisco",Mediabistro (job aggregator),2026-07-07,2026-07-07,https://www.mediabistro.com/jobs/3539613914-head-of-ai-driven-seo-growth-engine,"Organic-growth/SEO-automation hire; corroborates growth-over-monetization hiring emphasis",company_claim,medium,"You'll design intelligent workflows that research topics, generate and optimize content, and measure performance - all at machine speed... help millions find care - instantly, intelligently, and free.","Aggregator repost; posting age listed as '23 days ago' relative to unknown crawl date","N/A"
L27,"Careers | Lotus Health AI (Core Team page)",Lotus Health AI (company site),2026-07-07,2026-07-07,https://lotus.ai/careers,"Named core team and physician list; confirms Chief Growth Officer role and background",company_claim,high,"Aidan Cole, Founding Chief Growth Officer (ex-Underlining, ex-Dil Mil)... KJ Dhaliwal, Founder & CEO... Zekka Nelson, Founder & CTO","Primary company source; team list may not be exhaustive or current at all times","No Head of Partnerships/Sponsorship or VP Business Development role listed among named core team"
L28,"Research Engineer - job post",Lotus Health AI (via Indeed),2026-07-07,2026-07-07,https://www.indeed.com/q-lotus-health-ai-jobs.html,"Full job description for Founding Research Engineer role; confirms clinical-AI engineering hiring emphasis",company_claim,medium,"We are hiring a Founding Research Engineer to design, prototype, and ship the core reasoning and agentic systems that power Lotus.","Retrieved via aggregator search snippet, not company's own ATS page directly","Corroborates technical/engineering hiring emphasis over commercial hiring"
L29,"Member of Technical Staff at Lotus Health Ai",JobSearcher (job aggregator),2026-05-03,2026-07-07,https://jobsearcher.com/jobs/35a11e9c0c9c993835dcc4f3a9aeb9116483479075dfe84333f0daab2208fe86,"Detailed engineering role scope; confirms Kleiner Perkins/CRV backing claim in job-posting context",company_claim,medium,"Lotus is backed by Kleiner Perkins, CRV, clinicians at Harvard and Stanford among others.","Aggregator repost of company listing","Used to corroborate technical hiring emphasis (Section 5)"
L30,"Founding Software/AI Engineer - Conversational AI at Lotus Health",MIT Orbit (university job board),2026-07-07,2026-07-07,https://orbit.mit.edu/jobs/680bf77d5ebb448b5eb804f3,"Conversational AI/voice engineering hire; further evidence of engineering-heavy hiring pattern",company_claim,medium,"We're building an AI-first platform to transform clinical trial using AI agents and smart conversational tools.","University job board repost; description language slightly differs from other Lotus postings (mentions 'clinical trial' rather than primary care), possible posting-template inconsistency or a different initiative","Flagged discrepancy: this posting's description differs notably from other Lotus Health postings and should be treated cautiously"
C01,"OpenEvidence revenue, valuation & funding",Sacra,2025-07-12,2026-07-07,https://sacra.com/c/openevidence/,"OpenEvidence CPM range ($70-$1,000+), ARPU (~$124), 2025 revenue ($150M), gross margin (90%), Doximity ARPU comparison (~$228), UpToDate per-seat price (~$500)",Third-party estimate,Medium,"OpenEvidence hit $150 million in annualized revenue in 2025...with CPMs that can range from $70 to $1,000+...translating to approximately $124 in average revenue per user (ARPU)","Analyst estimate, not company-disclosed financials; methodology not fully public","Also source for OpenEvidence funding history and Veeva/Open Vista partnership"
C02,"OpenEvidence 'ChatGPT for doctors' doubles valuation to $12 billion",CNBC,2026-01-21,2026-07-07,https://www.cnbc.com/2026/01/21/openevidence-chatgpt-for-doctors-doubles-valuation-to-12-billion.html,"$12B valuation Jan 2026 Series D; company topped $100M annualized revenue; 40% of US physicians use it; ad-supported model confirmed by CEO",Verified,High,"OpenEvidence said it topped $100 million in annualized revenue last year...Nadler claimed OpenEvidence is the most widely used AI platform by doctors in the U.S., with more than 40% of physicians utilizing the tool","CEO-stated figures, not independently audited","Direct CEO interview confirming ad-reliance model"
C03,"Report: OpenEvidence Business Breakdown & Founding Story",Contrary Research,2025-10-02,2026-07-07,https://research.contrary.com/company/openevidence,"OpenEvidence ad/content separation policy; pharma marketing TAM ($20-30B); CME credit monetization; regulatory/HIPAA constraints on monetization",Third-party estimate,Medium,"the OpenEvidence information system and the ad display system are fully unconnected systems...advertisements shall not be considered an endorsement","Independent research firm analysis, not primary source disclosure",""
C04,"OpenEvidence: Smart Medicine or Smart Marketing?",Krafty Librarian,2025-11-06,2026-07-07,https://kraftylibrarian.com/openevidence-smart-medicine-or-smart-marketing/,"Critique of ad-funded clinical AI bias risk",Opinion/commentary,Low,"[garbled binary content in fetch, title/framing used only]","Content fetch was corrupted/binary; used for framing only, not for factual claims","Low confidence - technical fetch issue"
C05,"OpenEvidence Targets Users",The Geyser,2026-03-02,2026-07-07,https://www.the-geyser.com/openevidence-targets-ads/,"Critique of targeted-advertising business model and NPI-based targeting concerns",Opinion/commentary,Low,"OE's business model provides another big red flag because it is susceptible to Silicon Valley's deepest source of corruption and bad incentives — targeted advertising","Opinion piece with critical editorial stance; not independently verified",""
C06,"OpenEvidence hits $12B valuation, with new round led by Thrive, DST",TechCrunch,2026-01-21,2026-07-07,https://techcrunch.com/2026/01/21/openevidence-hits-12b-valuation-with-new-round-led-by-thrive-dst/,"18 million clinical consultations/month Dec 2025; $250M Series D; total raised $700M; surpassed $100M revenue",Verified,High,"The company says that the free, ad-supported platform served 18 million clinical consultations from verified healthcare professionals in the U.S. in December alone","Company-reported usage metrics",""
C07,"OpenEvidence clinches $250M, doubles valuation to $12B",Fierce Healthcare,2026-01-21,2026-07-07,https://www.fiercehealthcare.com/ai-and-machine-learning/openevidence-clinches-250m-series-d-rapidly-growing-its-reach-doctors,"$250M Series D, $12B valuation, ad-supported and free to doctors, topped $100M annual revenue",Verified,High,"OpenEvidence, which is free to doctors and ad-supported, topped $100 million in annual revenue last year, according to executives","Executive-stated figures",""
C08,"OpenEvidence: An AI-Powered 'Brain Extender' For Doctors, Doubles Valuation To $12B",Crunchbase News,2026-01-21,2026-07-07,https://news.crunchbase.com/venture/openevidence-ai-doctors-doubles-valuation-seriesd/,"Funding round history and total capital raised ($700M since 2021 inception)",Verified,High,"OpenEvidence has raised nearly $700 million in funding since its 2021 inception and was valued at $6 billion at the time of its Series C in October","Standard funding-round reporting",""
C09,"OpenEvidence Announces $210 Million Round at $3.5 Billion Valuation",OpenEvidence (company announcement),2025-07-15,2026-07-07,https://www.openevidence.com/announcements/openevidence-the-fastest-growing-application-for-physicians-in-history-announces-dollar210-million-round-at-dollar35-billion-valuation,"July 2025 Series B details, GV/Kleiner Perkins co-lead, DeepConsult launch",Verified,High,"OpenEvidence, the most widely used medical search and AI application among verified U.S. clinicians, today announced a $210 million Series B round at a $3.5 Billion valuation","Company press release - self-reported","Primary source company announcement"
C10,"How Does OpenEvidence Make Money? (Business Model Explained)",Research Doc,2026-02-25,2026-07-07,https://researchdoc.org/how-does-openevidence-make-money-business-model-explained,"CPM $70-$1,000+; ARPU ~$124; pharma/HCP marketing spend context; accuracy critique (41% on subspecialty cases)",Third-party estimate,Medium,"OpenEvidence charges pharma companies CPMs of $70 to $1,000+ for access to its audience of over 40% of U.S. physicians, generating $150 million in annualized revenue in 2025 with 90% gross margins","Secondary aggregation of other estimates, not primary research",""
C11,"OpenEvidence CEO says AI enterprise model in the works",Fierce Healthcare,2026-05-21,2026-07-07,https://www.fiercehealthcare.com/ai-and-machine-learning/openevidence-launches-hands-free-voice-ai-feature-expands-hospital,"860,000 clinicians / 650,000 physicians using OpenEvidence; enterprise EHR-integrated non-ad model in development; Mount Sinai/Sutter/Cedars-Sinai partnerships",Verified,High,"There are now 860,000 medical licensed-verified U.S. clinicians...including more than 650,000 licensed-verified U.S. physicians...We are pioneering a non-ad-supported, standard AI enterprise model, similar to Anthropic's business model","Company-reported scale metrics; CEO quote on strategy",""
C12,"Doximity Announces Fourth Quarter and Fiscal Year 2025 Financial Results",Doximity Inc. (BusinessWire/Investor Relations),2025-05-15,2026-07-07,https://investors.doximity.com/news/news-details/2025/Doximity-Announces-Fourth-Quarter-and-Fiscal-Year-2025-Financial-Results/default.aspx,"Doximity FY2025 revenue $570.4M (+20% YoY); subscription-based Marketing Solutions sold brand-by-brand to pharma",Verified,High,"Fiscal year 2025 total revenues of $570.4 million, up 20% year-over-year","Audited public-company financial results (NYSE:DOCS)","Also corroborated by 10-K annual report"
C13,"What pharma advertisers actually pay premium CPMs for",Doceree (vendor blog),2026-05-18,2026-07-07,https://blog.doceree.com/what-pharma-advertisers-actually-pay-premium-cpms-for-and-why-most-publishers-cant-prove-they-have-it,"NPI-based identity verification as the mechanism enabling premium physician CPMs; healthcare ~12% of US digital ad revenue",Opinion/commentary,Low,"Pharma advertising is built around the National Provider Identifier (NPI) — a 10-digit number assigned to every licensed clinician in the US","Vendor content (Doceree sells HCP ad infrastructure) - inherent promotional bias",""
C14,"Facebook Ads CPM Benchmarks for Healthcare (2025)",Superads,2026-06,2026-07-07,https://www.superads.ai/facebook-ads-costs/cpm-cost-per-mille/healthcare,"Healthcare-vertical Facebook CPM $27-44, averaging ~$32, ~56% above ~$21 all-industry baseline (Jun 2025-Jun 2026)",Third-party estimate,Medium,"Healthcare CPMs started at $28.85 in June 2025 and finished at $32.98 in June 2026...Healthcare was about +56% higher than the baseline CPM","Aggregated ad-platform data from one analytics vendor ($3B spend dataset); not independently verifiable",""
C15,"US Healthcare and Pharma Ad Spending 2025",eMarketer,2025-10-31,2026-07-07,https://www.emarketer.com/content/us-healthcare-pharma-ad-spending-2025,"US healthcare/pharma digital ad spend $24.77B in 2025, +13.3% YoY",Third-party estimate,Medium,"Healthcare and pharma digital ad spending will increase to $24.77 billion this year, up 13.3% YoY","Forecast/estimate from market research firm, not primary transaction data",""
C16,"Marketing In The Pharmaceutical Industry Statistics 2026",Gitnux,2026-02-13,2026-07-07,https://gitnux.org/marketing-in-the-pharmaceutical-industry-statistics/,"Global pharma marketing budget $38.5B (2023), 45% to HCP promotion; US pharma marketing spend $30.9B (2022)",Third-party estimate,Low,"In 2023, the global pharmaceutical marketing budget reached $38.5 billion, with 45% allocated to promotional activities targeting healthcare professionals","Statistics aggregation site; original underlying sources not independently traced",""
C17,"WebMD Health Corp EX-99.1 (Q2 2016 earnings release)",WebMD Health Corp. (SEC filing),2016,2026-07-07,https://www.sec.gov/Archives/edgar/data/1326583/000119312516675109/d234114dex991.htm,"WebMD advertising/sponsorship revenue $131.7M-$171M/quarter; ~180-199M monthly unique users; 2016 guidance $559-598M ad/sponsorship revenue",Verified,High,"Advertising and sponsorship revenue was $131.7 million compared to $116.2 million in the prior year period...Traffic to the WebMD Health Network during the second quarter of 2016 reached an average of 199.0 million unique users per month","Audited SEC filing (pre-2017 take-private)",""
C18,"WebMD Reports Fourth Quarter and Full Year 2016 Financial Results",WebMD Health Corp. (Shareholder.com/SEC),2017-02-16,2026-07-07,https://img.webmd.com/dtmcms/live/webmd/consumer_assets/site_images/corporate/press-releases/2017/WBMD_News_2017_2_16_General_Releases_2.pdf,"WebMD FY2016 total revenue $705.0M; advertising/sponsorship revenue $561.3M (80% of total); biopharma/medical device $437.0M",Verified,High,"Revenue was $705.0 million compared to $636.4 million in the prior year, an increase of 11%. Advertising and sponsorship revenue was $561.3 million","Audited public-company financial results, last full year before Internet Brands take-private",""
C19,"WebMD Teardown Analysis | Internet Brands Strategy & UX",NextSprints,2025 (est.),2026-07-07,https://nextsprints.com/guide/internet-brands-webmd-product-teardown-analysis,"WebMD 2025 estimated 80M+ MAU, ~$780M annual revenue, 38% market share (post-acquisition, privately held)",Third-party estimate,Low,"With over 80 million monthly active users and an estimated annual revenue of $780 million in 2025, WebMD maintains a dominant 38% market share","WebMD is privately held since 2017; no audited figures available to verify this estimate",""
C20,"How A Focus On Quality And Discipline Revived Healthline Media",AdExchanger,2019-04-17,2026-07-07,https://www.adexchanger.com/the-sell-sider/how-a-focus-on-quality-and-discipline-revived-healthline-media/,"Healthline >$100M revenue (2018), 60%+ YoY audience growth, 150 direct advertisers, 32% prioritize audience quality/cost-per-qualified-user KPI",Verified,Medium,"The profitable company racked up more than $100 million in revenue last year...For about 32% of our advertisers, their first or second metric is audience quality, or cost per qualified user","Executive interview (Healthline exec quoted), not audited financials since Healthline/Internet Brands is private",""
C21,"Healthline Surges to the #1 Health Media Property in the U.S.",Healthline Media (company press release),2019-07-22,2026-07-07,https://healthlinemedia.com/news/healthline-surges-to-the-1-health-media-property-in-the-u-s-passing-webmd-for-the-first-time,"Healthline surpassed WebMD in unique visitors 2019",Company claim,Medium,"Healthline has surpassed WebMD Health by more than 5 million unique visitors","Self-reported company press release",""
C22,"FTC Enforcement Action to Bar GoodRx from Sharing Consumers' Sensitive Health Info for Advertising",Federal Trade Commission,2023-01-31,2026-07-07,https://www.ftc.gov/news-events/news/press-releases/2023/02/ftc-enforcement-action-bar-goodrx-sharing-consumers-sensitive-health-info-advertising,"GoodRx $1.5M penalty; shared health data w/ Facebook/Google/Criteo for ad targeting since 2017; 55M+ consumers affected since 2017",Verified,High,"GoodRx will pay a $1.5 million civil penalty for failing to report its unauthorized disclosure of consumer health data to Facebook, Google, and other companies","Official FTC regulatory press release - primary source",""
C23,"GoodRx Stipulated Order for Permanent Injunction, Civil Penalty Judgment, and Other Relief",Federal Trade Commission (court filing),2023,2026-07-07,https://search.ftc.gov/system/files/ftc_gov/pdf/goodrx_stipulated_order_for_permanent_injunction_civil_penalty_judgment_and_other_relief.pdf,"Legal text of GoodRx order: permanent ban on disclosing Health Information to third parties for advertising purposes; contextual/non-personalized advertising exception preserved; 20-year recordkeeping",Verified,High,"Defendant...are permanently restrained and enjoined from disclosing Health Information to Third Parties for Advertising Purposes...contextual advertising, meaning non-personalized advertising shown as part of a consumer's current interaction...provided that the consumer's Covered Information is not disclosed to another Third Party","Primary legal document - the actual court order",""
C24,"FTC slaps $1.5M fine on GoodRx for sharing users' health data with Facebook and Google",TechCrunch,2023-02-01,2026-07-07,https://techcrunch.com/2023/02/01/ftc-slaps-online-pharmacy-goodrx-for-sharing-users-health-data-with-facebook-and-google/,"Detail on GoodRx targeting mechanics: uploaded emails/phone numbers of heart-disease/blood-pressure medication purchasers to Facebook for ad targeting",Verified,High,"GoodRx compiled lists of its users who bought certain medications — heart disease and blood pressure, specifically — and uploaded their email addresses, phone numbers and pseudonymized device advertising IDs to Facebook","Contemporaneous journalism citing FTC complaint directly",""
C25,"GoodRx Reports Fourth Quarter and Full Year 2024 Results",GoodRx Holdings Inc. (BusinessWire/Investor Relations),2025-02-27,2026-07-07,https://investors.goodrx.com/news-releases/news-release-details/goodrx-reports-fourth-quarter-and-full-year-2024-results,"GoodRx FY2024 revenue $792.3M; prescription transactions $577.5M; subscription $86.5M; pharma manufacturer solutions $107.2M (+26% YoY); 7M+ monthly active consumers",Verified,High,"Pharma manufacturer solutions revenue increased 26% to $107.2 million compared to $85.1 million...We exited the fourth quarter of 2024 with over 7 million prescription-related consumers","Audited public-company financial results (Nasdaq:GDRX)",""
C26,"Form 10-K for GoodRx Holdings Inc, filed 2026-02-26",GoodRx Holdings Inc. (SEC 10-K),2026-02-26,2026-07-07,https://investors.goodrx.com/static-files/bad42c0b-8a43-4bd8-843f-945ae3d380be,"GoodRx business model description: fee earned per GoodRx code use including repeat refills without re-presenting code; revenue mix trends",Verified,High,"We earn revenue upon the initial usage of the GoodRx code when the consumer realizes savings...we continue to earn revenue when the consumer returns to the pharmacy for refills and new prescriptions","Audited SEC 10-K filing",""
C27,"GoodRx Reports Fourth Quarter and Full Year 2025 Results",GoodRx Holdings Inc. (Investor Relations),2026-02-25,2026-07-07,https://investors.goodrx.com/news-releases/news-release-details/goodrx-reports-fourth-quarter-and-full-year-2025-results,"GoodRx FY2025 revenue $796.9M (~flat YoY); subscription revenue declined 3% to $83.8M",Verified,High,"Subscription revenue decreased 3% to $83.8 million compared to $86.5 million...Revenue increased 1% to $796.9 million","Audited public-company financial results",""
C28,"Why Woebot Shut Down (And What It Tells Us About AI Therapy)",ILTY (industry blog),2026-04-16,2026-07-07,https://ilty.co/blog/why-woebot-shut-down,"Woebot consumer app shutdown June 30 2025 after ~8 years; three-tier consumer mental health monetization failure pattern (free/subscribers $5-15/mo/high-acuity unviable)",Opinion/commentary,Medium,"On June 30, 2025, Woebot Health retired its consumer-facing chatbot...Subscribers — the middle group, paying $5-15/month. Drives revenue but has high churn","Industry blog written by a competitor in the same market (potential bias), but factual shutdown details corroborated elsewhere","Author discloses competitive position in the piece"
C29,"Why Wysa Failed: Unit Economics",UnicornBurn (Startup Autopsy),2026-06-02,2026-07-07,https://unicornburn.com/autopsy/wysa-funding-crisis-uk,"Wysa: 6M users/95 countries; $20M Series B from Google/W Health; <2% free-to-paid conversion; NHS/employer B2B pivot slow",Third-party estimate/opinion,Low,"Despite 6 million users across 95 countries, the company failed to convert free users to paid subscriptions at meaningful rates, with B2B NHS and employer contracts proving slow to close","Autopsy/retrospective analysis site; sourcing methodology not fully transparent",""
C30,"Why Real Failed: Unit Economics",UnicornBurn (Startup Autopsy),2026-06-02,2026-07-07,https://unicornburn.com/autopsy/real-mental-health-app-usa,"Real: $18M raised, $28/month subscription, 200K downloads, shut down March 2024, founder called market 'broken'",Third-party estimate/opinion,Low,"Real, a mental health app founded by Ariela Safira...shut down abruptly in March 2024...Safira publicly stated the mental health app market was 'broken'","Autopsy/retrospective analysis site",""
C31,"FTC Fines Online Mental Healthcare Company $7.1M",AAPC Knowledge Center,2024-05-08,2026-07-07,https://www.aapc.com/blog/90568-ftc-fines-online-mental-healthcare-company-7-1m/,"Cerebral FTC fine: $7.1M+ (refunds+penalty) for sharing 3M+ patients' data with TikTok/Meta/Google for advertising; deceptive cancellation practices",Verified,High,"Cerebral, Inc. (Cerebral) is ordered to pay in excess of $7 million in refunds and penalties for sharing the personal health information of more than 3 million clients with third parties such as TikTok, Meta, and Google","Summary of official FTC action; details corroborate FTC.gov original release",""
C32,"Part 1: Talkspace Crushed It. Investors Got Crushed.",Beyond Billions (Substack),2026-03-18,2026-07-07,https://beyondbillions.substack.com/p/talkspace-crushed-it-investors-got,"Talkspace DTC-to-payer pivot: 2025 revenue $229M (+22% YoY), payer revenue +38% YoY, EBITDA positive, UHS acquisition $835M; BetterHelp/Teladoc declining 2 years under DTC/paid-social model",Third-party analysis/opinion,Medium,"By 2025, Talkspace reported full-year revenue of approximately $229 million, representing 22% year-over-year growth. Payer revenue grew 38%...BetterHelp grew to nearly $1 billion in revenue inside Teladoc...Revenue has been declining for two years","Independent analyst commentary/newsletter, not an audited primary source, though cites company-reported figures",""
C33,"Our Programs | Pfizer RxPathways",Pfizer Inc.,n.d.,2026-07-07,https://www.pfizerrxpathways.com/our-programs,"Pfizer Patient Assistance Program and Institutional PAP eligibility criteria (≤300% FPL, uninsured)",Verified,High,"Be at or below 300% of the Federal Poverty Level, adjusted for family size","Company program page, eligibility criteria self-described",""
C34,"Merck Patient Assistance Programs to Help Those in Need",Merck & Co.,n.d.,2026-07-07,https://www.merckhelps.com/,"Merck PAP provides free medicines/vaccines to uninsured/underinsured patients",Verified,High,"the company provides certain medicines and adult vaccines for free to people who do not have prescription drug or health insurance coverage","Company program page",""
C35,"Novartis Patient Assistance Foundation",Novartis Patient Assistance Foundation Inc.,n.d.,2026-07-07,https://pap.novartis.com/,"Novartis PAP run through independent 501(c)(3) foundation, separate legal entity from Novartis",Verified,High,"Novartis Patient Assistance Foundation, Inc. (NPAF) is an independent, 501(c)(3) non-profit entity that provides certain medications at no cost to eligible patients","Foundation's own program description; confirms legal separateness structure",""
C36,"Amgen Safety Net Foundation",Amgen Safety Net Foundation,2025-12-12,2026-07-07,https://amgensafetynetfoundation.com/,"Amgen Safety Net Foundation provides free Amgen medicines since 2001, no fee to patients",Verified,High,"Since 2001, the Amgen Safety Net Foundation (ASNF) has helped hundreds of thousands of patients with financial need gain access to Amgen medicines at no cost","Foundation's own program description",""
C37,"GSK Patient Assistance Program | GSKForYou",GSK,n.d.,2026-07-07,https://gskforyou.com/programs/patient-assistance-program/,"GSK PAP managed by independent 501(c)(3) GSK Patient Access Programs Foundation, separate from GSK",Verified,High,"Are managed by the GSK Patient Access Programs Foundation, an independent, 501(c)(3) charitable, non-commercial entity, separate from GSK","Company/foundation program page",""
C38,"Lyra Health Pricing 2026: Hidden Costs & Total ROI Revealed",ITQlick,n.d. (2026 context),2026-07-07,https://www.itqlick.com/lyra-health/pricing,"Lyra employer-sponsored plans $120-220/mo/employee; individual plans $150-300/mo; premium psychiatry plans $250-350/mo; comparison deltas for Modern Health/Spring Health/Talkspace/Headspace",Third-party estimate,Low,"Lyra Health operates on a membership-based system. Individual membership plans range from $150 to $300 per month...Employer-sponsored plans range from $120 to $220 per month, with employers often covering 50-90% of the cost","Third-party vendor-comparison/review site, not Lyra's own published rate card; pricing is customized and not publicly disclosed by Lyra itself",""
C39,"10+ Best Lyra Health Alternatives (2026): Hidden Costs Revealed",ITQlick,2026-02-05,2026-07-07,https://www.itqlick.com/lyra-health/competitors,"Lyra $120-220/mo employer-sponsored; Spring Health estimated $100-180/mo (delta $20-40 less than Lyra)",Third-party estimate,Low,"Spring Health | Machine learning-based personalized care...Estimated $100-180/month","Same vendor-comparison-site methodology limitation as C38",""
C40,"Lyra Health Review (2026)",VirtualCareFinder,n.d. (2026 context),2026-07-07,https://virtualcarefinder.com/providers/lyra-health,"Lyra is B2B-only (no direct-to-consumer pathway); employer covers cost; typically 8-25 covered sessions/year",Third-party estimate,Low,"Lyra Health is a B2B mental health benefits platform — it does not sell directly to individual patients but rather to employers...typically 8–25 sessions per year","Third-party review site, not Lyra's own disclosure",""
C41,"What to Consider When Choosing a Mental Health Solution for Your Employee Benefits Program",Gallagher (via JDSupra),2023-07-19,2026-07-07,https://www.jdsupra.com/legalnews/what-to-consider-when-choosing-a-mental-2436167/,"General EAP-style mental health benefit cost benchmark: $3-9 PEPM",Third-party estimate,Medium,"The cost of mental health benefits typically falls between $3–$9 PEPM","Benefits-consulting industry source, general benchmark not company-specific",""
C42,"Lyra Brings Outcomes-Based Pricing to Mental Health",Lyra Health (company blog),2025-07-24,2026-07-07,https://www.lyrahealth.com/blog/lyra-brings-outcomes-based-pricing-mental-health/,"Lyra shift to outcomes-based pricing: no fixed PEPM fee, pay for care delivered, bonus/credit tied to performance benchmarks",Company claim,Medium,"As the first to offer outcomes-based pricing for mental health care, we've eliminated fixed fees and tied care costs to performance...If we hit agreed-upon targets, we collect a bonus payment. Miss a target? You get a credit","Company's own announcement of its pricing strategy - self-reported, no independent verification of actual outcomes achieved",""
C43,"How an outcomes-based EAP pricing model aligns solution incentives with value",Spring Health (company blog),2025-09-12,2026-07-07,https://www.springhealth.com/blog/outcomes-based-eap-pricing-model-solution-incentives,"Traditional 'bundled' PEPM fixed-fee model described as industry baseline, contrasted with outcomes-based pricing",Company claim,Medium,"Bundled: Employers pay a fixed monthly fee for every eligible employee – typically a per-employee-per-month (PEPM) fee – regardless of [outcomes]","Company blog explaining its own pricing philosophy",""
C44,"NeedyMeds",NeedyMeds (nonprofit),n.d.,2026-07-07,https://needymeds.org/,"NeedyMeds aggregates manufacturer PAPs and free-clinic resources as nonprofit intermediary, not ad-monetized",Verified,Medium,"At NeedyMeds, we are a dedicated nonprofit organization committed to improving access to affordable healthcare for individuals in need","Org's own self-description",""
C45,"Pharmaceutical Manufacturer Patient Assistance Program Information",Centers for Medicare & Medicaid Services (CMS),n.d.,2026-07-07,https://www.cms.gov/medicare/coverage/prescription-drug-coverage/patient-assistance-program,"PAPs operate 'outside the Part D benefit' to preserve separateness from government drug-benefit accounting",Verified,High,"PAPs can provide assistance to Part D enrollees and interface with Part D plans by operating 'outside the Part D benefit' to ensure separateness of Part D benefits and PAP assistance","Official US government regulatory guidance",""
C46,"Life Sciences and Direct-to-Consumer Television Advertising: An Update on Industry Utilization",IQVIA,2025-10-01,2026-07-07,https://www.iqvia.com/locations/united-states/blogs/2025/10/life-science-and-direct-to-consumer-television-advertising,"Pharma DTC TV ad spend >$6B in 2024; 75 brands spent $10M+ each; declining ROI trend over past decade",Third-party estimate,Medium,"In 2024, pharmaceutical companies spent over $6 billion on DTC TV advertising across all channels, with 75 brands each investing at least $10 million in television promotion","Industry data/analytics firm (IQVIA) blog, methodology partially disclosed",""
C47,"Pharmaceutical Contract Sales Organizations Price in Northern America",IndexBox,2026-04-27,2026-07-07,https://www.indexbox.io/search/pharmaceutical-contract-sales-organizations-price-evidence-northern-america-2026/,"Pharma CSO contract size tiers: full-service $5-50M/contract; specialized $500K-5M; hybrid $100-300K/FTE/year; virtual CSO $50-500K/project",Third-party estimate,Low,"Full-service CSO (end-to-end commercialization) | 5000000-50000000 USD/contract...Typical contract value $10-50M over 3-5 years","Market-research/pricing-intelligence vendor; underlying data sourcing not fully transparent, presented as 'modeled indicative corridors'",""
C48,"Pharma ABM Agency Guide 2026: Costs, Compliance, and When a Platform Beats a Retainer",Abmatic AI (vendor blog),2026-06-03,2026-07-07,https://abmatic.ai/blog/pharma-abm-agency-guide-2026,"Pharma/life-sciences marketing agency retainer bands: $5-15K/mo pilot, $15-40K+/mo structured program, 20-40% premium over generalist agencies; 9-18 month deal cycles for pharma-SaaS/medtech",Third-party estimate,Low,"A pharma or life-sciences ABM agency in 2026 will quote the same retainer bands as the broader market - roughly $5,000-$15,000/month for a pilot and $15,000-$40,000+/month for a structured program...An 9-18 month medtech or pharma-SaaS deal cycle","Vendor content (sells ABM platform) - inherent promotional bias in favor of platform vs. agency framing",""
R01,"When is an authorization required from the patient before a provider or health plan engages in marketing to that individual? (HIPAA FAQ 278)",HHS.gov (Office for Civil Rights),2007-03-23,2026-07-07,https://www.hhs.gov/hipaa/for-professionals/faq/278/when-is-patient-authorization-required-for-marketing/index.html,"HIPAA marketing definition and authorization requirement; two narrow exceptions (face-to-face, nominal gift)",regulation,high,"The HIPAA Privacy Rule expressly requires an authorization for uses or disclosures of protected health information for ALL marketing communications, except in two circumstances","FAQ restates regulation; not itself binding but accurately summarizes 45 CFR 164.508","Primary HHS source"
R02,"45 CFR 164.508 - Uses and disclosures for which an authorization is required",Cornell Legal Information Institute (e-CFR text),2026-07-07,2026-07-07,https://www.law.cornell.edu/cfr/text/45/164.508,"Statutory text of HIPAA marketing authorization requirement, including third-party-remuneration clause with no exceptions",regulation,high,"If the marketing involves financial remuneration...to the covered entity from a third party, the authorization must state that such remuneration is involved","Mirror of official CFR text via LII, not GPO/eCFR directly, but textually authoritative","Directly supports Section 1.1 of regulatory_notes.md"
R03,"Use of Online Tracking Technologies by HIPAA Covered Entities and Business Associates (Bulletin, as amended, with post-litigation disclaimer)",HHS.gov (Office for Civil Rights),2022-12-01,2026-07-07,https://www.hhs.gov/hipaa/for-professionals/privacy/guidance/hipaa-online-tracking/index.html,"OCR position on tracking technologies on authenticated vs unauthenticated webpages; disclaimer noting partial vacatur by N.D. Tex.",sub-regulatory guidance,high,"Tracking technologies on a regulated entity's user-authenticated webpages generally have access to PHI...disclosures of PHI to tracking technology vendors for marketing purposes, without individuals' HIPAA compliant authorizations, would constitute impermissible disclosures","Guidance document, not binding regulation; portion on unauthenticated-webpage IP-address combination was vacated by court in 2024","Directly supports Section 1.2"
R04,"Am. Hosp. Ass'n v. Becerra, N.D. Tex. Order (June 20, 2024)",Casetext (court opinion),2024-06-20,2026-07-07,https://casetext.com/case/am-hosp-assn-v-becerra-9,"Court vacated 'Proscribed Combination' portion of OCR online tracking guidance as exceeding HIPAA statutory authority; declined to enjoin enforcement entirely",primary_legal_source,high,"the Proscribed Combination, as set forth in the HHS Bulletin of March 18, 2024, is UNLAWFUL, as it was promulgated in clear excess of HHS's authority under HIPAA","Court decision; only vacated the specific IP-address/unauthenticated-webpage combination, not all tracking guidance","Central to unsettled-law framing in Section 1.2 and Key Findings"
R05,"Texas District Court Vacates OCR's HIPAA Bulletin on Online Tracking Technologies, But Issues Mixed Decision",Wilson Sonsini (law firm client alert),2024-06-25,2026-07-07,https://www.wsgr.com/en/insights/texas-district-court-vacates-ocrs-hipaa-bulletin-on-online-tracking-technologies-but-issues-mixed-decision.html,"Firm analysis of scope/limits of the AHA v. Becerra ruling; notes FTC Act, HBNR, and state law still apply",firm_commentary,medium,"Even if the Texas district court's order is upheld, Section 5 of the FTC Act, the FTC's recently revised Health Breach Notification Rule (HBNR), and state privacy laws may still restrict how regulated companies can collect, use, and disclose the personal information of visitors to unauthenticated public webpages","Law firm opinion/commentary, not primary law; framed as advisory","Supports 'state law/FTC still apply' framing throughout notes"
R06,"OCR Withdraws Appeal of District Court Order...Vacating the 'Proscribed Combination' Portion of Its HIPAA Online Tracking Technologies Guidance",Epstein Becker Green (Health Law Advisor blog),2024-08-29,2026-07-07,https://www.healthlawadvisor.com/ocr-withdraws-appeal-of-district-court-order-declaring-unlawful-and-vacating-the-proscribed-combination-portion-of-its-hipaa-online-tracking-technologies-guidance,"Confirms OCR withdrew its Fifth Circuit appeal on Aug 29 2024, leaving vacatur in place with no replacement guidance yet",firm_commentary,medium,"OCR initially appealed the District Court's order to the Fifth Circuit; however, on August 29, 2024, OCR withdrew its appeal","Firm blog post; procedural fact (appeal withdrawal) is verifiable but framing/analysis is the firm's own","Confirms current unsettled status as of research date"
R07,"GoodRx Holdings, Inc. (case page)",Federal Trade Commission (ftc.gov legal library),2023-01-23,2026-07-07,https://www.ftc.gov/legal-library/browse/cases-proceedings/2023090-goodrx-holdings-inc,"First FTC Health Breach Notification Rule enforcement action; case overview",primary_legal_source,high,"The Federal Trade Commission has taken enforcement action for the first time under its Health Breach Notification Rule against the telehealth and prescription drug discount provider GoodRx Holdings, Inc.","Official FTC case page","Anchor citation for Section 2.2"
R08,"GoodRx Stipulated Order for Permanent Injunction, Civil Penalty Judgment, and Other Relief",Federal Trade Commission (court filing),2023-02-17,2026-07-07,https://search.ftc.gov/system/files/ftc_gov/pdf/goodrx_stipulated_order_for_permanent_injunction_civil_penalty_judgment_and_other_relief.pdf,"$1.5M civil penalty; prohibition on sharing health data with third parties for advertising; breach-notification remedial terms",primary_legal_source,high,"Defendant violated the HBNR by failing to notify individuals and the Commission of a Breach of Security of Unsecured PHR Identifiable Health Information","Stipulated order; GoodRx neither admits nor denies allegations except as stated","Full legal text of the remedy discussed in Section 2.2 and risk table"
R09,"First FTC Health Breach Notification Rule case addresses GoodRx's not-so-good privacy practices",Federal Trade Commission (Business Blog),2023-02-01,2026-07-07,https://www.ftc.gov/business-guidance/blog/2023/02/first-ftc-health-breach-notification-rule-case-addresses-goodrxs-not-so-good-privacy-practices,"Plain-language FTC summary of GoodRx violations and novel no-sharing-for-advertising remedy",agency_commentary,high,"the order imposes a flat-out prohibition on GoodRx sharing user health data with applicable third parties for advertising purposes. It's a novel remedy","FTC's own blog, informal but authoritative agency interpretation of its enforcement action","Corroborates R07/R08"
R10,"BetterHelp: Final Decision and Order",Federal Trade Commission (agency order),2023-07-14,2026-07-07,https://search.ftc.gov/system/files/ftc_gov/pdf/2023169betterhelpfinalorder.pdf,"Final FTC order banning BetterHelp from disclosing Treatment Information/Covered Information for advertising; consumer notice text",primary_legal_source,high,"Respondent...are prohibited from disclosing to a Third Party for the purposes of advertising, marketing, promoting, offering, offering for sale, or selling any product or service: (1) Treatment Information; and (2) Covered Information for the purpose of targeting the consumer","Final agency order; BetterHelp neither admits nor denies allegations except jurisdictional facts","Central precedent for mental-health-specific FTC risk in Section 2.3 and risk table"
R11,"FTC to Ban BetterHelp from Revealing Consumers' Data, Including Sensitive Mental Health Information, to Facebook and Others for Targeted Advertising",Federal Trade Commission (press release),2023-03-02,2026-07-07,https://www.ftc.gov/news-events/news/press-releases/2023/03/ftc-ban-betterhelp-revealing-consumers-data-including-sensitive-mental-health-information-facebook,"$7.8M consumer refund; facts of intake-questionnaire data shared with Facebook/Snapchat/Pinterest/Criteo for retargeting",agency_commentary,high,"BetterHelp used and revealed consumers' email addresses, IP addresses, and health questionnaire information to Facebook, Snapchat, Criteo, and Pinterest for advertising purposes","Official FTC press release","Primary factual source for the BetterHelp fact pattern discussed throughout notes"
R12,"FTC Finalizes Changes to the Health Breach Notification Rule",Federal Trade Commission (press release),2024-04-25,2026-07-07,https://www.ftc.gov/news-events/news/press-releases/2024/04/ftc-finalizes-changes-health-breach-notification-rule,"Announces 2024 final HBNR amendments; scope now includes health apps and similar technologies",agency_commentary,high,"The Federal Trade Commission today announced it has finalized changes to the Health Breach Notification Rule (HBNR) that will strengthen and modernize the rule","Official FTC announcement","Anchor for Section 2.1"
R13,"Health Breach Notification Rule (Final Rule text, 16 CFR Part 318)",Federal Trade Commission (Federal Register / ftc.gov),2024-04-25,2026-07-07,https://www.ftc.gov/system/files/ftc_gov/pdf/hbnr_final_rule_04_25.pdf,"Full final rule text: scope clarifications, breach-of-security definition, PHR-related-entity definition, notice content/timing",regulation,high,"amendments...clarify the Rule's scope, including its coverage of developers of many health applications...revise the definition of breach of security to clarify that a breach of security includes data security breaches and unauthorized disclosures","Official Federal Register final rule text","Primary regulatory citation for Section 2.1"
R14,"Updated FTC Health Breach Notification Rule puts new provisions in place to protect users of health apps and devices",Federal Trade Commission (Business Blog),2024-04-25,2026-07-07,https://www.ftc.gov/business-guidance/blog/2024/04/updated-ftc-health-breach-notification-rule-puts-new-provisions-place-protect-users-health-apps,"Plain-language walkthrough of 2024 HBNR amendments, including unauthorized-disclosure-as-breach clarification and effective date",agency_commentary,high,"a breach of security under the Rule includes not just data security breaches but also unauthorized disclosures of health data, including sharing of health data without an individual's authorization","FTC's own blog; informal but authoritative","Effective date confirmation (July 29, 2024) cross-checked against Jones Day summary (R15)"
R15,"FTC's Final Health Breach Notification Rule: Expanded Scope, New Obligations, and Modified Reporting Requirements",Jones Day (law firm client alert),2024-07-01,2026-07-07,https://www.jonesday.com/en/insights/2024/07/ftc-issues-final-health-breach-notification-rule,"Firm summary of final HBNR scope and compliance recommendations",firm_commentary,medium,"health apps, fitness trackers, and similar direct-to-consumer services may fall squarely within the HBNR's scope","Law firm commentary, not primary source","Corroborates R12-R14 effective date and scope"
R16,"General Questions Regarding Certain Fraud and Abuse Authorities (OIG FAQ)",HHS Office of Inspector General,2023-03-22,2026-07-07,https://oig.hhs.gov/faqs/general-questions-regarding-certain-fraud-and-abuse-authorities/,"AKS vs. Beneficiary Inducements CMP distinction; fair-market-value is not a defense to AKS; free/discounted care for uninsured patients generally permissible",sub-regulatory guidance,high,"This interpretation of the Federal anti-kickback statute is not consistent with the text of: (i) the Federal anti-kickback statute, (ii) the regulatory safe harbors, or (iii) prior and enduring OIG guidance","OIG FAQ, informal sub-regulatory guidance; not a formal rule but represents OIG's consistent enforcement position","Central source for Section 3.1-3.2"
R17,"Safe Harbor Regulations",HHS Office of Inspector General,2021-07-23,2026-07-07,https://oig.hhs.gov/compliance/safe-harbor-regulations/,"Index of AKS safe harbor regulations and CMP beneficiary-inducement rules",regulation,high,"The 'safe harbor' regulations describe various payment and business practices that, although they potentially implicate the Federal anti-kickback statute, are not treated as offenses under the statute","Official OIG index page linking to regulatory text","Supporting reference for Section 3.1"
R18,"Special Advisory Bulletin: Offering Gifts and Other Inducements to Beneficiaries",HHS Office of Inspector General,1997-01-01,2026-07-07,https://oig.hhs.gov/documents/special-advisory-bulletins/886/SABGiftsandInducements.pdf,"Nominal value exception ($10/item, $50/year, later increased); definition of remuneration and inducement under Beneficiary Inducements CMP",sub-regulatory guidance,high,"the OIG interprets the prohibition to exclude offers of inexpensive items or services...no specific exception for such items or services is required","Foundational OIG bulletin; dollar thresholds later updated by 2016/2020 rules (see R19)","Nominal-value figures cross-checked/updated via Hall Render (R20)"
R19,"Final Rule: Revisions to the Safe Harbors Under the Anti-Kickback Statute and Civil Monetary Penalty Rules Regarding Beneficiary Inducements (Fact Sheet)",HHS Office of Inspector General,2020-11-01,2026-07-07,https://oig.hhs.gov/reports-and-publications/federal-register-notices/factsheet-rule-beneficiary-inducements.pdf,"2020 Regulatory Sprint to Coordinated Care: new value-based-care safe harbors, financially-needy-individual CMP exception details",regulation,high,"The Final Rule implements seven new safe harbors, modifies four existing safe harbors, and codifies one new exception under the Beneficiary Inducements CMP","Official OIG fact sheet summarizing the final rule (85 Fed. Reg. 77,684)","Supports Section 3.2 financially-needy-individual exception discussion"
R20,"OIG Issues New Guidance Regarding Big-Box Store Gift Cards as Patient Incentives",Hall Render (law firm blog),2021-01-08,2026-07-07,https://hallrender.com/2021/01/08/oig-issues-new-guidance-regarding-big-box-store-gift-cards-as-patient-incentives/,"Confirms nominal value exception updated to $15/item, $75/year aggregate; big-box gift cards treated as cash equivalents",firm_commentary,medium,"OIG has also created an additional exception through subregulatory guidance for incentives of nominal value, i.e., less than $15 per item and less than $75 annually per patient","Firm commentary interpreting OIG advisory opinion and prior guidance, not primary source itself","Supports dollar-threshold claims in Section 3.2 and risk table"
R21,"OIG Advisory Opinion 21-01",HHS Office of Inspector General,2021-01-01,2026-07-07,https://oig.hhs.gov/documents/advisory-opinions/773/AO-21-01.pdf,"Favorable opinion: free drug program not implicating Beneficiary Inducements CMP because eligibility not tied to specific provider/site",primary_legal_source,high,"the remuneration provided to Eligible Patients under the Arrangement is not likely to influence beneficiaries' selection of a particular provider, practitioner, or supplier","Advisory opinion binding only on requesting party; illustrative of OIG reasoning, not general law","Cited in Section 3.3 risk-pattern analysis"
R22,"OIG Advisory Opinion 22-16",HHS Office of Inspector General,2022-01-01,2026-07-07,https://oig.hhs.gov/documents/advisory-opinions/1047/AO-22-16.pdf,"Favorable opinion: $25 gift card for completing online patient education program, no reference to specific providers",primary_legal_source,high,"the Program does not refer to or recommend—or even include any information about—any particular provider, practitioner, supplier, or service","Advisory opinion binding only on requesting party","Cited in Section 3.3"
R23,"OIG Approves Pharmaceutical Manufacturer's Proposed Free Genetic Testing (analysis of AO 24-12)",Arnall Golden Gregory LLP (firm client alert),2025-01-15,2026-07-07,https://www.agg.com/news-insights/publications/oig-approves-pharmaceutical-manufacturers-proposed-free-genetic-testing/,"Detailed summary of AO 24-12: favorable opinion on sponsored genetic testing/counseling/disease-awareness education; emphasizes no data-sharing back to manufacturer as key factor",firm_commentary,medium,"OIG cautioned that its conclusion would likely have been different if there were any...data sharing with the manufacturer that enabled it to market the drug based on the arrangement","Firm summary/analysis of a primary OIG advisory opinion; underlying opinion is primary but this source is secondary commentary","Central source for the 'data flow to sponsor is the key risk factor' finding in Key Findings"
R24,"OIG Issues Two Favorable Advisory Opinions for Dental Supply Loyalty Program and Pharmaceutical Manufacturer Sponsor of Genetic Tests",Goodwin Procter LLP (firm client alert),2025-02-26,2026-07-07,https://www.goodwinlaw.com/en/insights/publications/2025/02/insights-otherindustries-hltc-oig-issues-two-favorable-advisory-opinions,"Corroborates AO 24-12 analysis; cross-references AO 22-06 with similar reasoning pattern",firm_commentary,medium,"OIG seemed to give particular weight to the absence of data shared with the Requestor that would allow it to target marketing based on the Arrangement","Firm commentary corroborating R23's characterization of OIG's reasoning","Independent firm corroboration of the same pattern strengthens confidence in Key Finding #1"
R25,"OIG Advisory Opinion 25-07 Offers a Favorable Path for Patient Access Through Sponsored Testing",Epstein Becker Green (Health Law Advisor blog),2025-07-22,2026-07-07,https://www.healthlawadvisor.com/oig-advisory-opinion-25-07-offers-a-favorable-path-for-patient-access-through-sponsored-testing,"Analysis of AO 25-07: sponsored companion diagnostic test; manufacturer field personnel walled off from program, no identifiable data returned",firm_commentary,medium,"the manufacturer does not allow its field personnel to access any data received from the lab; and...does not use data from the lab for sales and marketing activities, including sales targeting or incentives","Firm commentary on a primary OIG advisory opinion","Third independent example of the same data-isolation risk-mitigation pattern (with R23, R24)"
R26,"The Office of Prescription Drug Promotion (OPDP)",U.S. Food and Drug Administration,2025-09-09,2026-07-07,https://www.fda.gov/about-fda/cder-offices-and-divisions/office-prescription-drug-promotion-opdp,"OPDP's role reviewing prescription drug promotional material for false/misleading content and fair balance",agency_source,high,"OPDP protects the public health by helping to ensure that prescription drug promotion is truthful, balanced, and accurately communicated","Official FDA agency page","Primary source for Section 4.1"
R27,"The Bad Ad Program",U.S. Food and Drug Administration,2025-03-06,2026-07-07,https://www.fda.gov/drugs/prescription-drug-advertising-and-promotional-labeling/bad-ad-program,"Enumerates prescription drug promotion requirements: not false/misleading, fair balance, reveal material facts; common violation categories",agency_source,high,"Prescription drug promotion must: Not be false or misleading; Have a balance between efficacy and risk information; Reveal material facts about the product being promoted","Official FDA program page","Corroborates 21 CFR 202.1(e) requirements cited in Section 4.1"
R28,"Disease Awareness and Prescription Drug Promotion on Television (Completed Research Projects, OPDP)",U.S. Food and Drug Administration,2024-09-05,2026-07-07,https://www.fda.gov/about-fda/center-drug-evaluation-and-research-cder/completed-research-projects-office-prescription-drug-promotion-opdp-research,"FDA's own empirical research finding that disease-awareness ad exposure causes consumers to conflate benefit/risk information with co-occurring branded ad, worsened by similarity/proximity",agency_research,high,"mere exposure to disease awareness communication prompted benefit and risk conflation...similar ads prompted greater conflation of benefits than distinct ads, and greater conflation of risks occurred with greater proximity","FDA-funded research study, not a binding legal rule; still directly informs likely OPDP scrutiny direction","Key evidentiary basis for Section 4.2 disease-awareness risk discussion"
R29,"Direct-to-Consumer Broadcast Advertisements for Pharmaceuticals: Off-Label Promotion and Adherence to FDA Guidelines","PMC (peer-reviewed journal article, National Library of Medicine)",2018-01-01,2026-07-07,https://pmc.ncbi.nlm.nih.gov/articles/PMC5910340/,"Empirical study finding widespread off-label promotion suggestion (13% of sampled ads) and weak fair-balance compliance in broadcast DTC ads 2015-2016",peer_reviewed_study,medium,"Suggestions of off-label use, a practice that has been expressly prohibited in prescription drug DTC advertising, occurred in 13% of ads in our sample","Academic study of a historical ad sample (2015-2016); illustrates enforcement gap but is not itself a legal rule","Supports off-label promotion risk discussion in Section 4"
R30,"Health Breach Notification Rule Final Rule preamble discussion / 89 Fed. Reg. 47,028 (May 30, 2024)",Federal Register (govinfo.gov),2024-05-30,2026-07-07,https://www.govinfo.gov/content/pkg/FR-2024-05-30/pdf/2024-10855.pdf,"Official Federal Register publication of the 2024 HBNR final rule with full preamble and effective date (July 29, 2024)",regulation,high,"DATES: The amendments are effective July 29, 2024","Official Federal Register text, most authoritative version of the final rule","Cross-checked against ftc.gov's own PDF (R13) - consistent"
R31,"Protecting Washingtonians' Personal Health Data and Privacy",Washington State Office of the Attorney General,2026-07-07,2026-07-07,https://www.atg.wa.gov/protecting-washingtonians-personal-health-data-and-privacy,"State AG overview of My Health My Data Act purpose and consumer protections",agency_source,high,"The Act was developed to protect a consumer's sensitive health data from being collected and shared without that consumer's consent","Official state agency source","Supports Section 5.2"
R32,"Chapter 19.373 RCW: Washington My Health My Data Act (statutory text index)",Washington State Legislature,2026-07-07,2026-07-07,https://app.leg.wa.gov/rcw/default.aspx?cite=19.373,"Full statutory structure: definitions, consent, consumer rights, security, processors, geofencing restrictions, exemptions",statute,high,"WASHINGTON MY HEALTH MY DATA ACT...19.373.030 Collection or sharing of consumer health data...19.373.080 Geofence restrictions","Official state legislature codification, primary statutory source","Primary citation for Section 5.2 MHMDA discussion"
R33,"My Health, My Data! Washington State Enacts Broad Health Data Privacy Protection Law",Mintz (law firm client alert),2023-05-24,2026-07-07,https://www.mintz.com/insights-center/viewpoints/2146/2023-05-24-my-health-my-data-washington-state-enacts-broad-health,"Firm FAQ-style summary of MHMDA scope, effective dates, small-business threshold, consent/notice/deletion requirements",firm_commentary,medium,"The MHMDA goes into effect on March 31, 2024 for most regulated entities except 'small businesses,' which have until June 30, 2024 to comply","Firm commentary, not primary source, but accurately restates statutory requirements","Corroborates effective dates in R32"
R34,"Washington's My Health My Data Act Comes Into Force - What You Need to Know, and Do",Goodwin Procter LLP (firm client alert),2024-03-28,2026-07-07,https://www.goodwinlaw.com/en/insights/publications/2024/03/alerts-technology-hltc-my-health-my-data-act-mhmda,"Firm summary emphasizing advertising restrictions and consent/notice framework under MHMDA",firm_commentary,medium,"This framework imposes stringent notice and consent requirements as well as restrictions on certain forms of advertising that exceed the [federal baseline]","Firm commentary","Corroborates R32/R33"
R35,"HIPAA vs Washington MHMDA for Mental Health SaaS: Overlap and Exemption Mechanics",Terms.Law (attorney-authored legal blog),2026-05-19,2026-07-07,https://terms.law/washington-hipaa-vs-mhmda-mental-health-saas/,"Field-by-field (not entity-wide) analysis of where HIPAA does not reach but MHMDA does for mental health platforms: marketing pixels, pre-provider intake, self-guided modules",firm_commentary,medium,"Marketing pixels on the public-facing website. Conversion tracking on 'depression help' or 'find a therapist' landing pages is consumer health data, not PHI","Single attorney's blog/advisory commentary; author notes 'I review under California license...this is regulatory advisory work, not Washington representation' - explicitly not a formal legal opinion","Highly relevant framework for Legion's likely patient-acquisition funnel; treat as directional, not authoritative"
R36,"The Corporate Practice of Medicine 50-State Guide",Permit Health (company/vendor blog),2026-07-07,2026-07-07,https://www.permithealth.com/post/the-corporate-practice-of-medicine-50-state-guide,"State-by-state CPOM classification (lenient/moderate/strict) and general doctrine explanation",firm_commentary,low,"CPOM laws are regulations that prohibit standard corporations (or other non-physician entities) from practicing medicine or employing practicing physicians","Vendor/company blog, not a law firm or primary source; state classifications should be independently verified by counsel","Explicitly flagged in regulatory_notes.md as needing counsel verification before reliance"
R37,"Telehealth AI and the Corporate Practice of Medicine","NSU Law Review (NSUWorks, student/academic law review article)",2025-06-11,2026-07-07,https://nsuworks.nova.edu/cgi/viewcontent.cgi?article=2488&context=nlr%2F,"Academic analysis of CPOM doctrine history, state variation (18 lenient/17 moderate/16 strict), and AI/telehealth-specific practice-of-medicine questions",academic_commentary,medium,"States have divided almost evenly in terms of application of the CPOM Doctrine with eighteen (18) lenient states, seventeen (17) moderate, and seventeen (16) strict states","Law review article, secondary academic source, not primary law; state counts should be verified against current statutes","Cross-checked against R36; both are secondary sources with same general classification approach"
R38,"Oregon's New Corporate Practice of Medicine Restrictions: Five Takeaways for Digital Health and Telemedicine Companies",Foley & Lardner LLP (firm client alert),2025-06-17,2026-07-07,https://www.foley.com/p/102kfsh/oregons-new-corporate-practice-of-medicine-restrictions-five-takeaways-for-digi/,"Oregon SB 951 (signed June 9 2025): new MSO/PC restrictions, staggered effective dates through 2029",firm_commentary,medium,"the new law prohibits shareholders, directors, and officers of a PC from having ownership in, or being a director, officer, employee, or independent contractor of, an MSO with which the PC has a contract for management services","Firm commentary on a real, verifiable state statute (SB 951); effective dates and mechanics should be confirmed against Oregon statutory text directly","Illustrates trend of CPOM law tightening relevant to Section 5.1"
R39,"Understanding Confidentiality of Substance Use Disorder (SUD) Patient Records or 'Part 2'",HHS.gov,2026-02-12,2026-07-07,https://www.hhs.gov/hipaa/part-2/index.html,"42 CFR Part 2 scope, applicability to federally assisted programs, consent/TPO alignment with HIPAA, enforcement by OCR",regulation,high,"Part 2 rules apply to any federally assisted program that provides SUD diagnosis, treatment, or referral for treatment","Official HHS summary page of the regulation","Primary source for Section 5.3"
R40,"Fact Sheet 42 CFR Part 2 Final Rule",HHS.gov,2024-02-07,2026-07-07,https://www.hhs.gov/hipaa/for-professionals/regulatory-initiatives/fact-sheet-42-cfr-part-2-final-rule/index.html,"2024 final rule aligning Part 2 with HIPAA; retains strict prohibition on use of SUD records against patients in legal proceedings",regulation,high,"Patients' SUD treatment records cannot be used to investigate or prosecute the patient without written patient consent or a court order","Official HHS fact sheet on the final rule","Corroborated by Federal Register text (89 Fed. Reg. 12,472)"
R41,"Financial Conflict of Interest: HHS Guidance (2004)",HHS Office for Human Research Protections,2026-06-02,2026-07-07,https://www.hhs.gov/ohrp/regulations-and-policy/guidance/financial-conflict-of-interest/index.html,"Research-context guidance on disclosing financial conflicts of interest to research subjects during informed consent; used as closest analogue for sponsor-disclosure practices",sub-regulatory guidance,medium,"Including information in the informed consent document, such as...the source of funding and funding arrangements for the conduct and review of research","Written for human-subjects research under 45 CFR 46/21 CFR 56, not directly applicable to commercial sponsor-funded clinical care; used only as an analogue in Section 6","Explicitly flagged as an analogue, not directly controlling law, in regulatory_notes.md"
R42,"Ethics of undisclosed payments to doctors recruiting patients in clinical trials",PMC / BMJ (peer-reviewed article),2005-01-01,2026-07-07,https://pmc.ncbi.nlm.nih.gov/articles/PMC1123551/,"Ethics literature on patient expectations regarding disclosure of sponsor payments affecting their care/enrollment decisions",peer_reviewed_commentary,medium,"An even greater proportion (80%) believed that the patient had a right to know that their doctor would be paid for enrolling them","Ethics/opinion literature from a UK clinical-trial context, not US law and not specific to commercial sponsorship-of-care models","Used only as ethical-analogue support in Section 6, not as binding legal authority"
C49,"Cut to the core: Prescription app developer Pear Therapeutics files for bankruptcy, lays off staff",Fierce Biotech,2023-04-10,2026-07-07,https://www.fiercebiotech.com/medtech/cut-core-prescription-app-developer-pear-therapeutics-files-bankruptcy-lays-staff,"Pear Therapeutics Chapter 11 (April 2023); >90% layoffs; CEO attributes failure to payers denying coverage despite demonstrated clinical outcomes and prescriber adoption",verified_fact,high,"Payors have the ability to deny payment for therapies that are clinically necessary, effective, and cost-saving","CEO's own causal attribution is a company claim; the bankruptcy filing and layoffs are verified facts","Counterexample to 'employer/payer underwriting is proven' — coverage-density failure mode (comparable_notes.md §3d)"
C50,"Digital Therapeutics Trailblazer Pear Files For Bankruptcy, CEO Resigns",Behavioral Health Business,2023-04-07,2026-07-07,https://bhbusiness.com/2023/04/07/digital-therapeutics-trailblazer-pear-files-for-bankruptcy-ceo-resigns/,"Pear went public via ~$1.6B SPAC (2021); secured some state Medicaid and first commercial-payer coverage yet still failed on reimbursement density",third_party_estimate,medium,"While Pear made headway with several state Medicaid organizations, McCann cited payers' lack of coverage as one of the headwinds for the company","Fill/pay rates (~50% fill, ~41% pay on 2022 scripts) come from Pear annual report / Forbes, not this article — see comparable_notes.md §3d","Corroborates C49 bankruptcy narrative; coverage-density metric sourced separately (comparable_notes.md §3d)"
C51,"How Mindstrong's rushed 'smoke alarm' for mental illness drove its demise",STAT News,2023-02-28,2026-07-07,https://www.statnews.com/2023/02/28/mindstrong-mental-health-technology-prediction/,"Mindstrong raised ~$160M (General Catalyst, ARCH, Optum Ventures et al.), pivoted from digital biomarkers to payer-partnered virtual mental-health care, collapsed and stopped treating patients March 2023",verified_fact,high,"the company that trumpeted an innovative digital 'smoke alarm' has collapsed, after already scaling back its services to simple largely text-based therapy","Post-mortem journalism relying partly on former-employee accounts","VC-backed payer-partnered mental-health failure; verified real (comparable_notes.md §3d)"
C52,"Mental health provider SonderMind buys Mindstrong's tech assets",Fierce Healthcare,2023-03-08,2026-07-07,https://www.fiercehealthcare.com/health-tech/mental-health-provider-sondermind-buys-mindstrongs-tech-assets,"Mindstrong wind-down confirmed: 128 layoffs per California WARN notice, HQ closure, tech assets sold to SonderMind; had offered payer in-network virtual psychiatry/therapy",verified_fact,high,"SonderMind acknowledged that simultaneous to the acquisition of Mindstrong's technology and tech team, the rest of the company terminated its operations","Deal terms undisclosed","Corroborates C51 via WARN-notice facts (comparable_notes.md §3d)"
C53,"The fall of Babylon: Failed telehealth startup once valued at $2B goes bankrupt, sold for parts",TechCrunch,2023-08-31,2026-07-07,https://techcrunch.com/2023/08/31/the-fall-of-babylon-failed-tele-health-startup-once-valued-at-nearly-2b-goes-bankrupt-and-sold-for-parts/,"Babylon Health insolvency: US Chapter 7 (Aug 2023) + UK administration; collapse followed loss of major payer contracts including Centene non-renewal",verified_fact,high,"After the company's U.S. shares became worthless and its operation turned insolvent earlier this month... the U.K. subsidiary of the business formally went into administration","Single-outlet narrative; core insolvency facts corroborated by bankruptcy filings (C54)","AI-first care company with payer/value-based contracts — most structurally relevant Model-D-adjacent failure (comparable_notes.md §3d)"
C54,"Digital Health Company Babylon Files For Bankruptcy In U.S., Will Liquidate",Forbes,2023-08-15,2026-07-07,https://www.forbes.com/sites/katiejennings/2023/08/15/digital-health-company-babylon-files-for-bankruptcy-in-us-will-liquidate/,"Babylon Chapter 7 filings (Delaware, Aug 9 2023) for Babylon Inc. and Babylon Healthcare Inc.; liquidation not restructuring; ~$300M+ owed to AlbaCore; 2022: $221M loss on $1.1B revenue driven by capitated value-based contracts under-pricing actual care costs",verified_fact,high,"Babylon is seeking Chapter 7 relief, which means it plans to liquidate assets rather than attempt to restructure","Loss figures from company disclosures pre-bankruptcy","Documents the actuarial-risk-transfer failure mode of capitated underwriting (comparable_notes.md §3d)"
P01,"Health Insurance Coverage by State: 2023 and 2024 (ACS 1-year)",U.S. Census Bureau,2025-09,2026-07-09,https://www2.census.gov/library/publications/2025/demo/acsbr-024.pdf,"National uninsured rate 8.2% in 2024 (up from 7.9% in 2023); working-age adults 19-64 uninsured rate 11.3% in 2024; state-level uninsured rates",verified_fact,high,"According to the ACS, the national uninsured rate across all states and the District of Columbia was 8.2 percent in 2024","ACS point-in-time uninsured; civilian noninstitutionalized population only","Primary Census anchor for uninsured population sizing (data/uninsured_population_sizing.md §1)"
P02,"Health Insurance Coverage in the United States: 2024 (CPS ASEC)",U.S. Census Bureau,2025-09,2026-07-09,https://www2.census.gov/library/publications/2025/demo/p60-288.pdf,"Full-calendar-year uninsured rate 8.0% in 2024; 92.0% had coverage at some point during the year; working-age adult uninsured patterns by age",verified_fact,high,"In 2024, most people (92.0 percent) had health insurance coverage at some point during the calendar year (Table 1 and Figure 1). That means 8.0 percent of people were uninsured for the entire calendar year.","CPS measures uninsured all year, not point-in-time — higher bar than ACS/NHIS","Cross-check source; use ACS for TAM, CPS for full-year uninsured stress test (P04)"
P03,"Key Facts about the Uninsured Population",KFF,2026-06-16,2026-07-09,https://www.kff.org/uninsured/key-facts-about-the-uninsured-population/,"26.7M people ages 0-64 uninsured in 2024 (9.8% rate); adults 19-64 uninsured rate 11.3%; children under 19 rate 5.9%; 42% of uninsured under 65 in non-expansion states",verified_fact,high,"The total number of people ages 0-64 without health coverage increased by more than 1.3 million to 26.7 million in 2024, and the uninsured rate for the population under age 65 increased from 9.5% to 9.8%.","KFF analysis of ACS; Medicare-eligible 65+ excluded from under-65 counts","Under-65 uninsured anchor; derives ~22M working-age uninsured via residual (uninsured_population_sizing.md)"
P04,"Comparing Federal Government Surveys That Count the Uninsured: 2025",SHADAC,2026-03,2026-07-09,https://www.shadac.org/comparing-federal-government-surveys-count-uninsured-2025,"ACS 2024: 27.5M uninsured, 8.2% point-in-time; reconciles ACS/CPS/NHIS/BRFSS/MEPS national estimates and methodology differences",verified_fact,high,"ACS | 2024 | N/A | N/A | 27.5 | 8.2","Synthesis document; ACS count from SHADAC analysis of Census Table S2701","Use when explaining why surveys disagree; 27.5M = all-ages point-in-time (uninsured_population_sizing.md §1)"
P05,"Health insurance coverage: Early release of estimates from the National Health Interview Survey, 2024",CDC/NCHS,2025-06,2026-07-09,https://www.cdc.gov/nchs/data/nhis/earlyrelease/insur202506.pdf,"27.2M all ages uninsured at interview (8.2%); 23.1M adults 18-64 uninsured (11.6%) in 2024",verified_fact,high,"In 2024, 27.2 million people of all ages (8.2%) were uninsured at the time of interview... 23.1 million adults ages 18-64 (11.6%) were uninsured.","NHIS point-in-time; slightly different age bands than ACS 19-64","Cross-check for working-age uninsured count (~23M)"
P06,"NSDUH 2024 Detailed Tables Section 6 — Mental Illness by Insurance Status",SAMHSA,2024,2026-07-09,https://www.samhsa.gov/data/report/2024-nsduh-detailed-tables,"Uninsured adults 18+ with AMI: ~5.9M (2024); uninsured with SMI: ~1.6M; 24.7% of uninsured with AMI received MH treatment in past year",verified_fact,high,"No Coverage | 4,958b | 5,928 [thousands, adults 18+ with AMI by insurance status, Table 6.3A]","AMI/SMI are model-predicted not diagnosed; insurance categories non-mutually-exclusive; 2024 treatment questions not comparable to prior years","Psychiatry-relevant uninsured TAM anchor T2/T3/T4 (uninsured_population_sizing.md §2)"
P07,"NSDUH 2024 Detailed Tables Section 6.8B — AMI Prevalence Among Adults 18+",SAMHSA,2024,2026-07-09,https://www.samhsa.gov/data/report/2024-nsduh-detailed-tables,"23.4% of US adults 18+ had any mental illness in past year (2024); validates ~5.9M uninsured AMI as ~23% of ~23M uninsured adults",verified_fact,high,"TOTAL | 22.8 | 23.4 [percent with any mental illness, adults 18+, 2023 and 2024]","Prevalence model not clinical census","Cross-check for T2 uninsured AMI sizing"
P08,"ACS Table S2701 — Selected Characteristics of Health Insurance Coverage in the United States",U.S. Census Bureau,2024,2026-07-09,https://data.census.gov/table/ACSST1Y2024.S2701,"Machine-readable ACS 2024 1-year health insurance characteristics; underlying table for P01/P04 national and state uninsured rates",verified_fact,high,"Table ID: S2701; Survey: American Community Survey; Year: 2024; Estimates: 1-Year","Interactive table; requires query for specific cells","Primary data table behind P01 and P04 uninsured rates"
